{
  "model_type": "two-tower",
  "objective": "bpr",
  "neg_sampling": "mixed",
  "popular_power": 0.75,
  "popular_top_n": 0,
  "mixed_alpha": 0.5,
  "embedding_dim": 64,
  "epochs": 2,
  "batch_size": 512,
  "lr": 0.001,
  "weight_decay": 0.0,
  "max_interactions": 2000000,
  "train_rows": 2000000,
  "num_users": 684538,
  "num_items": 81338,
  "trained_at": "2026-01-17T03:52:27.059173Z",
  "device": "cpu",
  "feature_store_dir": "C:\\Users\\kamil\\Documents\\SELF PROJECT\\BIG ML Project\\H&M\\data\\feature_store",
  "uses_user_history_agg": true,
  "artifacts": {
    "model": "two_tower_model.pt",
    "item_embeddings": "item_embeddings.npy",
    "faiss_index": "faiss.index",
    "user_id_mapping": "user_id_mapping.json",
    "item_id_mapping": "item_id_mapping.json",
    "feature_encoders": "feature_encoders.json",
    "item_popularity": "item_popularity.csv"
  }
}